ID,Name
0,EdsonNazario7
1,tiagobolsonaro2
2,opaulosoares
3,BlocoUni
4,sergiombaptista
5,Aguiasemrumo
6,Felicianocneto
7,renato_romao83
8,arnekk
9,sevla2011
10,sergiocjk
11,ricardo_rayes
12,HamatiMedeiros
13,trump__armando
14,joilsonbrito
15,andreluizcn26
16,luizarafaela
17,sebas_teao
18,WarlleyAndrade1
19,KleberUchoa1976
20,anappfrancisco
21,FredBatista18
22,tusholskahotma1
23,Neeorose
24,wander_prado
25,Maripstk
26,Boasorteagro
27,kell_abdalla
28,_brunosilvajj
29,Rodrigo_keiroz
30,victorferrazfju
31,pratamara
32,sussuferreyra
33,elfotografiaa
34,prontomaxfalou
35,SicsuAdriana
36,igorsan59720016
37,DiniSil
38,Ferminand_
39,AlecssandroAug1
40,Luizcarlosjrs
41,kacarvallho
42,KELLYRESENDE13
43,lu_anacleto
44,Caahnunes0
45,marinhoedii82
46,LillianGalega
47,PatriotarioDF
48,ThiagoF64376611
49,diegokimos12
50,Jeehbarcelos1
51,ferreira_elania
52,predsoncastro
53,lorenzi_arthur
54,LaercyoMonteiro
55,LuanyNetto
56,tata_cintia
57,katrindadetri
58,RicoAdv1972
59,LimaGlaucie
60,garciaviniciusf
61,hshsveusvha
62,danielrlemos
63,CsarAlencar5
64,wwwbhalive
65,SejaGourmet
66,rafael_augger
67,Julio_Curiango
68,shibuya_nicole
69,TrindadeTiaraju
70,isaiass54955292
71,AlexdePaulaAlb4
72,Catarin09703539
73,LuizPer51802450
74,paula_contador
75,EsmiraelM
76,GesielyNs
77,DiamondMps
78,BrasilConvicto
79,evainejr
80,WilsonV56313000
81,carlosf40261114
82,irlanlira
83,LeocrisDalmeida
84,GBGSaoPaulo
85,Brasil_2023_
86,DeniseNacci
87,Eduardo90533150
88,sauloportolivei
89,armazempresente
90,b_selbstmord
91,zaksantos
92,yusara_rill
93,yurisakay
94,yujihsu
95,Antorgao
96,172Lula
97,DANIELMATILDE2
98,JackZpka
99,Joao53334736
100,GebaileRose
101,karl0zaugust0
102,Estacao2021
103,NagsonR
104,MertensAlfredo
105,lulubsdreamy
106,ClaudinetiCama1
107,ladybueno_
108,__melise
109,katia_romankiu
110,fahpedros
111,_mjowlnir
112,CintiaS85791700
113,eduu_guii
114,gilsonsortiz
115,FabioPDSSouza_followers (1).xlsx
116,vynna19
117,mazonfernando
118,nando_jus
119,JONATHA45379664
120,Vanda12632779
121,ligianegrinho
122,edson_ern74
123,sheilascagoes
124,Henriqu01931454
125,LeiaLopes
126,RobertPorcelS
127,Leilinhafurquim
128,emanumoreirah
129,tirzah_conti
130,MarceloTagata
131,JarbasMarcal
132,Thiagovdsantos
133,nogarottoregina
134,AdilsonNadaline
135,fernandomaiatst
136,CervantesMaju
137,petersonmartins
138,AlessandroGohan
139,LuisSchotten
140,JooLuis58422275
141,MiriamP50319071
142,kacantele
143,Aleqkaos
144,LucioFelippe
145,leas2022
146,rudypgneves
147,FelipeAGCardoso
148,BetinhaMartinsC
149,MotterDaisy
150,BiraMSantos22
151,RigonaciRose
152,Robertsotnas
153,kmillaruiz
154,GChernopeski
155,GeorgiaFrancoD1
156,JulioCezaaaar92
157,DesmarFernando
158,easok
159,Fabiana82985191
160,SamantaArajo1
161,JuninBarret
162,JRicardoVieira1
163,Flavinh25971622
164,AcarlosAcg
165,BroskaRafael
166,CATEIXEIRA10
167,mcristina1764
168,Reg1payne
169,Prado11Denilson
170,Alesjp
171,__Lucas__M
172,Prof_PADilla
173,adv_aristoteles
174,NildoArajo8
175,KlauCoronga
176,Vivianbottega
177,Walle2507
178,twit_vitinho
179,RafaelL44348497
180,kmicps
181,DayanedeAraujo7
182,Fatinhamath
183,AndreDantas85
184,BATANFLA
185,paixaobrunninha
186,LimaSaturino
187,gteixeirafoto
188,CristianePalom2
189,lualmartan
190,AndreaCampos100
191,_anti_communist
192,CasquilhoDenise
193,fabiomello1010
194,LaryMottinha22
195,henry_werner
196,JessicaMBCM
197,Katiago56094453
198,flaviomacielrj
199,lekaeleofamily
200,EuPedroMedeiros
201,NOBRU_09
202,franciscoissler
203,PopulusMeuCao
204,aespavier
205,BrunaOficiaall
206,perini_eduardo
207,BiazucciJessica
208,llarissa_llopes
209,AndersonDapaz5
210,Cleversonmarujo
211,jcfreitas27_followers (1).xlsx
212,douglasdexabm
213,SilviaVianna9
214,luizmaia03
215,Cristin91311151
216,m_m_castro
217,AmbrosioMarco
218,UCBSGRJ
219,paulo_lobatojr
220,RejaneNCastro
221,DnHansen
222,Michell90280336
223,GandolaEstrelas
224,MarioGomees
225,sawolverine77
226,DiegoLeite1980
227,jcfreitas27
228,FabioPDSSouza
229,Edimar230
230,jorgemonte88
231,Lu_furlaneto
232,ThiagoLPere
233,elbetosan
234,AmadeuMQuerido
235,claudia32101121
236,TarciPaixao
237,ROBERTORECIFEPE
238,Leandro60430311
239,Augustojmr
240,RubensNeto33
